{
  "Component.js": 1734200320570,
  "controller/BaseController.js": 1734200322434,
  "model/formatter.js": 1734200327970,
  "controller/Worklist.controller.js": 1734201551885,
  "controller/Object.controller.js": 1734200322434,
  "controller/NotFound.controller.js": 1734200322434,
  "controller/ErrorHandler.js": 1734200322434,
  "model/models.js": 1734200327970,
  "controller/App.controller.js": 1734200322434,
  "manifest.json": 1734205919751,
  "i18n/i18n.properties": 1734200324286,
  "Component-dbg.js": 1734200320570,
  "Component.js.map": 1734205919906,
  "model/formatter-dbg.js": 1734200327970,
  "model/formatter.js.map": 1734205919903,
  "controller/Worklist-dbg.controller.js": 1734201551885,
  "controller/Worklist.controller.js.map": 1734205919902,
  "controller/Object-dbg.controller.js": 1734200322434,
  "controller/Object.controller.js.map": 1734205919911,
  "controller/NotFound-dbg.controller.js": 1734200322434,
  "controller/NotFound.controller.js.map": 1734205919904,
  "controller/ErrorHandler-dbg.js": 1734200322434,
  "controller/ErrorHandler.js.map": 1734205919909,
  "model/models-dbg.js": 1734200327970,
  "model/models.js.map": 1734205919905,
  "controller/App-dbg.controller.js": 1734200322434,
  "controller/App.controller.js.map": 1734205919908,
  "controller/BaseController-dbg.js": 1734200322434,
  "controller/BaseController.js.map": 1734205919909,
  "Component-preload.js": 1734205919986,
  "Component-preload.js.map": 1734205919986,
  "view/Worklist.view.xml": 1734204650693,
  "view/ObjectNotFound.view.xml": 1734201246468,
  "view/Object.view.xml": 1734205198159,
  "view/NotFound.view.xml": 1734200961831,
  "view/App.view.xml": 1734200916559,
  "test.html": 1734200320570,
  "index.html": 1734200439858
}